accuracy,loss
0.25596026468866817,279295.62190104165
